{
 "cms2018+field+msc-vecgeom-gpu": {
  "input": {
   "enable_msc": true,
   "geometry_filename": "cms2018.gdml",
   "mag_field": [
    0.0,
    0.0,
    1.0
   ],
   "max_num_tracks": 1048576,
   "use_device": true
  },
  "name": [
   "cms2018+field+msc",
   "vecgeom",
   "gpu"
  ],
  "result": [
   {
    "action_times": {
     "along-step-uniform-msc": 63.641247551000205,
     "annihil-2-gamma": 0.10802048200000006,
     "brems-rel": 0.10605125200000007,
     "brems-sb": 0.3164878020000013,
     "conv-bethe-heitler": 0.16459403400000022,
     "extend-from-secondaries": 0.6135665229999999,
     "geo-boundary": 4.718048399000013,
     "initialize-tracks": 0.4797161580000003,
     "ioni-moller-bhabha": 0.15241004999999985,
     "photoel-livermore": 0.4019386100000001,
     "physics-discrete-select": 0.22101992700000017,
     "pre-step": 1.1592122920000016,
     "scat-klein-nishina": 0.23827308399999989,
     "scat-rayleigh": 0.13056282700000013
    },
    "active_hwm": {
     "count": 1048576,
     "index": 856
    },
    "avg_steps_per_primary": 68179.53428571428,
    "avg_time_per_primary": 0.007962003588461539,
    "avg_time_per_step": 1.1677996442592045e-07,
    "emptying_step": 857,
    "num_events": 7,
    "num_primaries": 9100,
    "num_step_iters": 2492,
    "num_steps": 620433762,
    "pre_emptying_time": 0.09854193,
    "queue_hwm": {
     "count": 10152490,
     "index": 457
    },
    "setup_time": 46.504556668,
    "slot_occupancy": 0.23743649432211397,
    "total_time": 72.454232655,
    "unconverged": 0
   },
   {
    "action_times": {
     "along-step-uniform-msc": 54.38613497799981,
     "annihil-2-gamma": 0.10920674099999991,
     "brems-rel": 0.10659448199999987,
     "brems-sb": 0.29530201899999986,
     "conv-bethe-heitler": 0.15818591499999998,
     "extend-from-secondaries": 0.6286724990000029,
     "geo-boundary": 4.169377070000034,
     "initialize-tracks": 0.43899606399999935,
     "ioni-moller-bhabha": 0.14818204900000034,
     "photoel-livermore": 0.370570899,
     "physics-discrete-select": 0.21344123799999984,
     "pre-step": 1.054155508,
     "scat-klein-nishina": 0.23203212399999995,
     "scat-rayleigh": 0.129772392
    },
    "active_hwm": {
     "count": 1048576,
     "index": 855
    },
    "avg_steps_per_primary": 68001.4623076923,
    "avg_time_per_primary": 0.006861965363626373,
    "avg_time_per_step": 1.0090908534550954e-07,
    "emptying_step": 856,
    "num_events": 7,
    "num_primaries": 9100,
    "num_step_iters": 2569,
    "num_steps": 618813307,
    "pre_emptying_time": 0.083302572,
    "queue_hwm": {
     "count": 10174650,
     "index": 457
    },
    "setup_time": 46.615864024,
    "slot_occupancy": 0.2297183174528283,
    "total_time": 62.443884809,
    "unconverged": 0
   }
  ],
  "system": {
   "debug": false,
   "geant4": "11.0.3",
   "occupancy": {
    "along_step_apply_mean_eloss": 0.625,
    "along_step_apply_msc": 0.125,
    "along_step_apply_msc_step_limit": 0.125,
    "along_step_apply_uniform_propagation": 0.125,
    "along_step_update_time": 1.0,
    "along_step_update_track": 1.0,
    "bethe_heitler_interact": 0.375,
    "boundary": 0.125,
    "discrete_select": 0.5,
    "eplusgg_interact": 0.5,
    "init_tracks": 0.125,
    "klein_nishina_interact": 0.5,
    "livermore_pe_interact": 0.375,
    "locate_alive": 1.0,
    "moller_bhabha_interact": 0.5,
    "pre_step": 0.5,
    "process_primaries": 1.0,
    "process_secondaries": 0.5,
    "rayleigh_interact": 0.5,
    "relativistic_brem_interact": 0.375,
    "seltzer_berger_interact": 0.375
   },
   "vecgeom": "1.2.2",
   "version": "v0.3.0-dev.102+d650541e"
  }
 }
}