{
 "cms2018+field+msc-vecgeom-gpu": {
  "input": {
   "enable_msc": true,
   "geometry_filename": "cms2018.gdml",
   "mag_field": [
    0.0,
    0.0,
    1.0
   ],
   "max_num_tracks": 1048576,
   "use_device": true
  },
  "name": [
   "cms2018+field+msc",
   "vecgeom",
   "gpu"
  ],
  "result": [
   {
    "action_times": {
     "along-step-uniform-msc": 63.61132326899987,
     "annihil-2-gamma": 0.10851324899999995,
     "brems-rel": 0.106892954,
     "brems-sb": 0.31737294600000004,
     "conv-bethe-heitler": 0.16592122699999987,
     "extend-from-secondaries": 0.5716856030000014,
     "geo-boundary": 4.711184537999997,
     "initialize-tracks": 0.4789849050000013,
     "ioni-moller-bhabha": 0.1531769000000003,
     "photoel-livermore": 0.4029686209999994,
     "physics-discrete-select": 0.22876056600000008,
     "pre-step": 1.1617989530000006,
     "scat-klein-nishina": 0.2395589120000008,
     "scat-rayleigh": 0.13131842899999976
    },
    "active_hwm": {
     "count": 1048576,
     "index": 856
    },
    "avg_steps_per_primary": 68179.53428571428,
    "avg_time_per_primary": 0.00795529131131868,
    "avg_time_per_step": 1.166815143966972e-07,
    "emptying_step": 857,
    "num_events": 7,
    "num_primaries": 9100,
    "num_step_iters": 2492,
    "num_steps": 620433762,
    "pre_emptying_time": 0.097987722,
    "queue_hwm": {
     "count": 10152490,
     "index": 457
    },
    "setup_time": 46.618836026,
    "slot_occupancy": 0.23743649432211397,
    "total_time": 72.393150933,
    "unconverged": 0
   },
   {
    "action_times": {
     "along-step-uniform-msc": 54.28256226500005,
     "annihil-2-gamma": 0.10856341400000002,
     "brems-rel": 0.10646329800000015,
     "brems-sb": 0.29506652799999955,
     "conv-bethe-heitler": 0.15817176999999993,
     "extend-from-secondaries": 0.5788664549999991,
     "geo-boundary": 4.153813892999991,
     "initialize-tracks": 0.4376712309999994,
     "ioni-moller-bhabha": 0.14806770899999985,
     "photoel-livermore": 0.37058403799999945,
     "physics-discrete-select": 0.22365897399999957,
     "pre-step": 1.055444163000001,
     "scat-klein-nishina": 0.23165725200000006,
     "scat-rayleigh": 0.12944098399999968
    },
    "active_hwm": {
     "count": 1048576,
     "index": 855
    },
    "avg_steps_per_primary": 68001.4623076923,
    "avg_time_per_primary": 0.006844389264725274,
    "avg_time_per_step": 1.0065061886104526e-07,
    "emptying_step": 856,
    "num_events": 7,
    "num_primaries": 9100,
    "num_step_iters": 2569,
    "num_steps": 618813307,
    "pre_emptying_time": 0.083444272,
    "queue_hwm": {
     "count": 10174650,
     "index": 457
    },
    "setup_time": 46.681569247,
    "slot_occupancy": 0.2297183174528283,
    "total_time": 62.283942309,
    "unconverged": 0
   }
  ],
  "system": {
   "debug": false,
   "geant4": "11.0.3",
   "occupancy": {
    "along_step_apply_mean_eloss": 0.625,
    "along_step_apply_msc": 0.125,
    "along_step_apply_msc_step_limit": 0.125,
    "along_step_apply_uniform_propagation": 0.125,
    "along_step_update_time": 1.0,
    "along_step_update_track": 1.0,
    "bethe_heitler_interact": 0.375,
    "boundary": 0.125,
    "discrete_select": 0.5,
    "eplusgg_interact": 0.5,
    "init_tracks": 0.125,
    "klein_nishina_interact": 0.5,
    "livermore_pe_interact": 0.375,
    "locate_alive": 1.0,
    "moller_bhabha_interact": 0.5,
    "pre_step": 0.5,
    "process_primaries": 1.0,
    "process_secondaries": 0.5,
    "rayleigh_interact": 0.5,
    "relativistic_brem_interact": 0.375,
    "seltzer_berger_interact": 0.375
   },
   "vecgeom": "1.2.2",
   "version": "v0.3.0-dev.106+afa4c4b5"
  }
 }
}