{
 "cms2018+field+msc-vecgeom-gpu": {
  "input": {
   "enable_msc": true,
   "geometry_filename": "cms2018.gdml",
   "mag_field": [
    0.0,
    0.0,
    1.0
   ],
   "max_num_tracks": 1048576,
   "use_device": true
  },
  "name": [
   "cms2018+field+msc",
   "vecgeom",
   "gpu"
  ],
  "result": [
   {
    "action_times": {
     "along-step-uniform-msc": 60.05666775999993,
     "annihil-2-gamma": 0.10908395100000008,
     "brems-rel": 0.1060477960000003,
     "brems-sb": 0.2950501759999997,
     "conv-bethe-heitler": 0.15778222800000022,
     "extend-from-secondaries": 0.6099575090000011,
     "geo-boundary": 4.169716054000019,
     "initialize-tracks": 0.4380897100000007,
     "ioni-moller-bhabha": 0.14572658400000013,
     "photoel-livermore": 0.3705712259999998,
     "physics-discrete-select": 0.2184686339999992,
     "pre-step": 1.0675117170000001,
     "scat-klein-nishina": 0.2313139300000002,
     "scat-rayleigh": 0.1297163559999999
    },
    "active_hwm": {
     "count": 1048576,
     "index": 855
    },
    "avg_steps_per_primary": 68125.89681318682,
    "avg_time_per_primary": 0.0074844691173626375,
    "avg_time_per_step": 1.0986232060748306e-07,
    "emptying_step": 856,
    "num_events": 7,
    "num_primaries": 9100,
    "num_step_iters": 2610,
    "num_steps": 619945661,
    "pre_emptying_time": 0.095818062,
    "queue_hwm": {
     "count": 10128948,
     "index": 457
    },
    "setup_time": 46.698557119,
    "slot_occupancy": 0.2265234691429869,
    "total_time": 68.108668968,
    "unconverged": 0
   },
   {
    "action_times": {
     "along-step-uniform-msc": 60.03176388900002,
     "annihil-2-gamma": 0.11346823200000011,
     "brems-rel": 0.110526738,
     "brems-sb": 0.2995051119999997,
     "conv-bethe-heitler": 0.1625849049999998,
     "extend-from-secondaries": 0.6234522499999999,
     "geo-boundary": 4.15747225600001,
     "initialize-tracks": 0.4344098560000011,
     "ioni-moller-bhabha": 0.15220331999999984,
     "photoel-livermore": 0.3754267199999997,
     "physics-discrete-select": 0.21957592799999945,
     "pre-step": 1.0913589629999971,
     "scat-klein-nishina": 0.23598100499999972,
     "scat-rayleigh": 0.13398345499999986
    },
    "active_hwm": {
     "count": 1048576,
     "index": 855
    },
    "avg_steps_per_primary": 68086.07318681318,
    "avg_time_per_primary": 0.0074884425320879125,
    "avg_time_per_step": 1.0998493791147679e-07,
    "emptying_step": 856,
    "num_events": 7,
    "num_primaries": 9100,
    "num_step_iters": 2764,
    "num_steps": 619583266,
    "pre_emptying_time": 0.094334971,
    "queue_hwm": {
     "count": 10179510,
     "index": 457
    },
    "setup_time": 46.167092077,
    "slot_occupancy": 0.21377736890712798,
    "total_time": 68.144827042,
    "unconverged": 0
   }
  ],
  "system": {
   "debug": false,
   "geant4": "11.0.3",
   "occupancy": {
    "along_step_uniform_msc": 0.125,
    "bethe_heitler_interact": 0.375,
    "boundary": 0.125,
    "discrete_select": 0.5,
    "eplusgg_interact": 0.5,
    "init_tracks": 0.125,
    "klein_nishina_interact": 0.5,
    "livermore_pe_interact": 0.375,
    "locate_alive": 1.0,
    "moller_bhabha_interact": 0.5,
    "pre_step": 0.5,
    "process_primaries": 1.0,
    "process_secondaries": 0.5,
    "rayleigh_interact": 0.5,
    "relativistic_brem_interact": 0.375,
    "seltzer_berger_interact": 0.375
   },
   "vecgeom": "1.2.2",
   "version": "v0.3.0-dev.87+5697d959"
  }
 }
}