{
 "cms2018+field+msc-vecgeom-gpu": {
  "input": {
   "enable_msc": true,
   "geometry_filename": "cms2018.gdml",
   "mag_field": [
    0.0,
    0.0,
    1.0
   ],
   "max_num_tracks": 1048576,
   "use_device": true
  },
  "name": [
   "cms2018+field+msc",
   "vecgeom",
   "gpu"
  ],
  "result": [
   {
    "action_times": {
     "along-step-neutral": 11.09658013,
     "along-step-uniform-msc": 37.553431525999905,
     "annihil-2-gamma": 0.11951178599999991,
     "brems-rel": 0.11515494500000009,
     "brems-sb": 0.31705062899999953,
     "conv-bethe-heitler": 0.17149233800000005,
     "extend-from-secondaries": 0.6263392130000007,
     "geo-boundary": 4.7606738169999945,
     "initialize-tracks": 0.48219361400000027,
     "ioni-moller-bhabha": 0.1600414589999998,
     "photoel-livermore": 0.38442489199999913,
     "physics-discrete-select": 0.2534950079999998,
     "pre-step": 1.2863820360000011,
     "scat-klein-nishina": 0.19256272000000008,
     "scat-rayleigh": 0.14183282099999997
    },
    "active_hwm": {
     "count": 1048576,
     "index": 852
    },
    "avg_steps_per_primary": 67750.8343956044,
    "avg_time_per_primary": 0.006336759178241758,
    "avg_time_per_step": 9.353034888457227e-08,
    "emptying_step": 853,
    "num_events": 7,
    "num_primaries": 9100,
    "num_step_iters": 2780,
    "num_steps": 616532593,
    "pre_emptying_time": 0.068638412,
    "queue_hwm": {
     "count": 10161005,
     "index": 457
    },
    "setup_time": 46.301333031,
    "slot_occupancy": 0.2115004673278589,
    "total_time": 57.664508522,
    "unconverged": 0
   },
   {
    "action_times": {
     "along-step-neutral": 9.680397915000004,
     "along-step-uniform-msc": 32.74292003900007,
     "annihil-2-gamma": 0.11103290000000038,
     "brems-rel": 0.10622965500000016,
     "brems-sb": 0.28128815500000015,
     "conv-bethe-heitler": 0.15591394399999992,
     "extend-from-secondaries": 0.6047709230000002,
     "geo-boundary": 4.179319833,
     "initialize-tracks": 0.44280130199999995,
     "ioni-moller-bhabha": 0.14554628400000003,
     "photoel-livermore": 0.34018204399999913,
     "physics-discrete-select": 0.23512950700000018,
     "pre-step": 1.1188194590000036,
     "scat-klein-nishina": 0.1844034760000001,
     "scat-rayleigh": 0.13032767100000012
    },
    "active_hwm": {
     "count": 1048576,
     "index": 852
    },
    "avg_steps_per_primary": 67660.0067032967,
    "avg_time_per_primary": 0.0055453001559340655,
    "avg_time_per_step": 8.195831520164295e-08,
    "emptying_step": 853,
    "num_events": 7,
    "num_primaries": 9100,
    "num_step_iters": 2591,
    "num_steps": 615706061,
    "pre_emptying_time": 0.063330398,
    "queue_hwm": {
     "count": 10188058,
     "index": 457
    },
    "setup_time": 46.496531739,
    "slot_occupancy": 0.22662410529963714,
    "total_time": 50.462231419,
    "unconverged": 0
   }
  ],
  "system": {
   "debug": false,
   "geant4": "11.0.3",
   "occupancy": {
    "along_step_apply_mean_eloss": 0.5,
    "along_step_apply_msc": 0.125,
    "along_step_apply_msc_step_limit": 0.125,
    "along_step_apply_uniform_propagation": 0.125,
    "along_step_neutral": 0.125,
    "along_step_update_time": 1.0,
    "along_step_update_track": 1.0,
    "bethe_heitler_interact": 0.375,
    "boundary": 0.125,
    "discrete_select": 0.375,
    "eplusgg_interact": 0.5,
    "init_tracks": 0.125,
    "klein_nishina_interact": 0.5,
    "livermore_pe_interact": 0.375,
    "locate_alive": 1.0,
    "moller_bhabha_interact": 0.5,
    "pre_step": 0.375,
    "process_primaries": 1.0,
    "process_secondaries": 0.5,
    "rayleigh_interact": 0.375,
    "relativistic_brem_interact": 0.375,
    "seltzer_berger_interact": 0.375
   },
   "vecgeom": "1.2.2",
   "version": "v0.3.0-dev.116+27141e37"
  }
 }
}