{
 "cms2018+field+msc-vecgeom-gpu": {
  "input": {
   "enable_msc": true,
   "geometry_filename": "cms2018.gdml",
   "mag_field": [
    0.0,
    0.0,
    1.0
   ],
   "max_num_tracks": 1048576,
   "use_device": true
  },
  "name": [
   "cms2018+field+msc",
   "vecgeom",
   "gpu"
  ],
  "result": [
   {
    "action_times": {
     "along-step-uniform-msc": 54.476368940999876,
     "annihil-2-gamma": 0.10831834599999998,
     "brems-rel": 0.10543105000000004,
     "brems-sb": 0.29447918300000014,
     "conv-bethe-heitler": 0.15741684499999986,
     "extend-from-secondaries": 0.606707920000001,
     "geo-boundary": 4.162960172999992,
     "initialize-tracks": 0.4372213489999993,
     "ioni-moller-bhabha": 0.1453841609999999,
     "photoel-livermore": 0.3703178560000001,
     "physics-discrete-select": 0.21155541999999983,
     "pre-step": 1.0537447709999983,
     "scat-klein-nishina": 0.23082795999999992,
     "scat-rayleigh": 0.12903284399999987
    },
    "active_hwm": {
     "count": 1048576,
     "index": 855
    },
    "avg_steps_per_primary": 68125.89681318682,
    "avg_time_per_primary": 0.0068673400178021985,
    "avg_time_per_step": 1.0080366408435917e-07,
    "emptying_step": 856,
    "num_events": 7,
    "num_primaries": 9100,
    "num_step_iters": 2610,
    "num_steps": 619945661,
    "pre_emptying_time": 0.083910913,
    "queue_hwm": {
     "count": 10128948,
     "index": 457
    },
    "setup_time": 46.131575387,
    "slot_occupancy": 0.2265234691429869,
    "total_time": 62.492794162,
    "unconverged": 0
   },
   {
    "action_times": {
     "along-step-uniform-msc": 54.57730009699994,
     "annihil-2-gamma": 0.11414134399999996,
     "brems-rel": 0.11150655799999999,
     "brems-sb": 0.3003735929999998,
     "conv-bethe-heitler": 0.16357687699999982,
     "extend-from-secondaries": 0.6346906459999982,
     "geo-boundary": 4.162715708000003,
     "initialize-tracks": 0.435666577,
     "ioni-moller-bhabha": 0.15328975499999994,
     "photoel-livermore": 0.37677264899999924,
     "physics-discrete-select": 0.2149211540000003,
     "pre-step": 1.0818031259999998,
     "scat-klein-nishina": 0.23692617899999996,
     "scat-rayleigh": 0.13504527399999983
    },
    "active_hwm": {
     "count": 1048576,
     "index": 855
    },
    "avg_steps_per_primary": 68086.07318681318,
    "avg_time_per_primary": 0.006890321971318681,
    "avg_time_per_step": 1.0120016691832346e-07,
    "emptying_step": 856,
    "num_events": 7,
    "num_primaries": 9100,
    "num_step_iters": 2764,
    "num_steps": 619583266,
    "pre_emptying_time": 0.082691849,
    "queue_hwm": {
     "count": 10179510,
     "index": 457
    },
    "setup_time": 46.805191062,
    "slot_occupancy": 0.21377736890712798,
    "total_time": 62.701929939,
    "unconverged": 0
   }
  ],
  "system": {
   "debug": false,
   "geant4": "11.0.3",
   "occupancy": {
    "along_step_apply_eloss": 0.625,
    "along_step_apply_msc": 0.125,
    "along_step_apply_msc_step_limit": 0.125,
    "along_step_apply_uniform_propagation": 0.125,
    "along_step_update_time": 1.0,
    "along_step_update_track": 1.0,
    "bethe_heitler_interact": 0.375,
    "boundary": 0.125,
    "discrete_select": 0.5,
    "eplusgg_interact": 0.5,
    "init_tracks": 0.125,
    "klein_nishina_interact": 0.5,
    "livermore_pe_interact": 0.375,
    "locate_alive": 1.0,
    "moller_bhabha_interact": 0.5,
    "pre_step": 0.5,
    "process_primaries": 1.0,
    "process_secondaries": 0.5,
    "rayleigh_interact": 0.5,
    "relativistic_brem_interact": 0.375,
    "seltzer_berger_interact": 0.375
   },
   "vecgeom": "1.2.2",
   "version": "v0.3.0-dev.93+e682b3d1"
  }
 }
}