{
 "cms2018+field+msc-vecgeom-gpu": {
  "input": {
   "enable_msc": true,
   "geometry_filename": "cms2018.gdml",
   "mag_field": [
    0.0,
    0.0,
    1.0
   ],
   "max_num_tracks": 1048576,
   "use_device": true
  },
  "name": [
   "cms2018+field+msc",
   "vecgeom",
   "gpu"
  ],
  "result": [
   {
    "action_times": {
     "along-step-uniform-msc": 63.28576115400005,
     "annihil-2-gamma": 0.11052925400000004,
     "brems-rel": 0.10887906099999968,
     "brems-sb": 0.31923799500000094,
     "conv-bethe-heitler": 0.1676029820000003,
     "extend-from-secondaries": 0.6129761569999995,
     "geo-boundary": 4.753106928999984,
     "initialize-tracks": 0.48187102600000176,
     "ioni-moller-bhabha": 0.15561337899999955,
     "photoel-livermore": 0.4053325630000008,
     "physics-discrete-select": 0.24435219400000005,
     "pre-step": 1.2247368259999944,
     "scat-klein-nishina": 0.24119865700000037,
     "scat-rayleigh": 0.13323915099999994
    },
    "active_hwm": {
     "count": 1048576,
     "index": 856
    },
    "avg_steps_per_primary": 68179.53428571428,
    "avg_time_per_primary": 0.007939281733406594,
    "avg_time_per_step": 1.1644669938835468e-07,
    "emptying_step": 857,
    "num_events": 7,
    "num_primaries": 9100,
    "num_step_iters": 2492,
    "num_steps": 620433762,
    "pre_emptying_time": 0.097635101,
    "queue_hwm": {
     "count": 10152490,
     "index": 457
    },
    "setup_time": 46.610691705,
    "slot_occupancy": 0.23743649432211397,
    "total_time": 72.247463774,
    "unconverged": 0
   },
   {
    "action_times": {
     "along-step-uniform-msc": 54.01719536600002,
     "annihil-2-gamma": 0.10714351100000005,
     "brems-rel": 0.10521597300000009,
     "brems-sb": 0.2939076189999993,
     "conv-bethe-heitler": 0.15651348899999987,
     "extend-from-secondaries": 0.5811386590000003,
     "geo-boundary": 4.184684932999996,
     "initialize-tracks": 0.43717256900000057,
     "ioni-moller-bhabha": 0.14682182600000004,
     "photoel-livermore": 0.36954328499999933,
     "physics-discrete-select": 0.22645124900000035,
     "pre-step": 1.112309047000001,
     "scat-klein-nishina": 0.23008355199999972,
     "scat-rayleigh": 0.128186006
    },
    "active_hwm": {
     "count": 1048576,
     "index": 855
    },
    "avg_steps_per_primary": 68001.4623076923,
    "avg_time_per_primary": 0.006824096583956044,
    "avg_time_per_step": 1.0035220350230768e-07,
    "emptying_step": 856,
    "num_events": 7,
    "num_primaries": 9100,
    "num_step_iters": 2569,
    "num_steps": 618813307,
    "pre_emptying_time": 0.082711898,
    "queue_hwm": {
     "count": 10174650,
     "index": 457
    },
    "setup_time": 46.46478015,
    "slot_occupancy": 0.2297183174528283,
    "total_time": 62.099278914,
    "unconverged": 0
   }
  ],
  "system": {
   "debug": false,
   "geant4": "11.0.3",
   "occupancy": {
    "along_step_apply_mean_eloss": 0.5,
    "along_step_apply_msc": 0.125,
    "along_step_apply_msc_step_limit": 0.125,
    "along_step_apply_uniform_propagation": 0.125,
    "along_step_update_time": 1.0,
    "along_step_update_track": 1.0,
    "bethe_heitler_interact": 0.375,
    "boundary": 0.125,
    "discrete_select": 0.375,
    "eplusgg_interact": 0.5,
    "init_tracks": 0.125,
    "klein_nishina_interact": 0.5,
    "livermore_pe_interact": 0.375,
    "locate_alive": 1.0,
    "moller_bhabha_interact": 0.5,
    "pre_step": 0.375,
    "process_primaries": 1.0,
    "process_secondaries": 0.5,
    "rayleigh_interact": 0.5,
    "relativistic_brem_interact": 0.375,
    "seltzer_berger_interact": 0.375
   },
   "vecgeom": "1.2.2",
   "version": "v0.3.0-dev.107+d2b903de"
  }
 }
}