{
 "cms2018+field+msc-vecgeom-gpu": {
  "input": {
   "enable_msc": true,
   "geometry_filename": "cms2018.gdml",
   "mag_field": [
    0.0,
    0.0,
    1.0
   ],
   "max_num_tracks": 1048576,
   "use_device": true
  },
  "name": [
   "cms2018+field+msc",
   "vecgeom",
   "gpu"
  ],
  "result": [
   {
    "action_times": {
     "along-step-uniform-msc": 63.65636836999999,
     "annihil-2-gamma": 0.10977582400000012,
     "brems-rel": 0.108124391,
     "brems-sb": 0.3185524059999994,
     "conv-bethe-heitler": 0.16641036899999995,
     "extend-from-secondaries": 0.6004329589999996,
     "geo-boundary": 4.719951895,
     "initialize-tracks": 0.4809564070000006,
     "ioni-moller-bhabha": 0.15454303499999997,
     "photoel-livermore": 0.408089611000001,
     "physics-discrete-select": 0.22371667599999998,
     "pre-step": 1.162304842,
     "scat-klein-nishina": 0.23997090900000018,
     "scat-rayleigh": 0.1323677049999999
    },
    "active_hwm": {
     "count": 1048576,
     "index": 856
    },
    "avg_steps_per_primary": 68179.53428571428,
    "avg_time_per_primary": 0.007965336142307693,
    "avg_time_per_step": 1.168288435196407e-07,
    "emptying_step": 857,
    "num_events": 7,
    "num_primaries": 9100,
    "num_step_iters": 2492,
    "num_steps": 620433762,
    "pre_emptying_time": 0.09819594,
    "queue_hwm": {
     "count": 10152490,
     "index": 457
    },
    "setup_time": 46.607616342,
    "slot_occupancy": 0.23743649432211397,
    "total_time": 72.484558895,
    "unconverged": 0
   },
   {
    "action_times": {
     "along-step-uniform-msc": 54.391103121000086,
     "annihil-2-gamma": 0.10735970099999995,
     "brems-rel": 0.10527251700000019,
     "brems-sb": 0.2942292650000001,
     "conv-bethe-heitler": 0.15670723600000025,
     "extend-from-secondaries": 0.5813498070000005,
     "geo-boundary": 4.159629295999994,
     "initialize-tracks": 0.43716799399999967,
     "ioni-moller-bhabha": 0.14697179000000027,
     "photoel-livermore": 0.3695796189999999,
     "physics-discrete-select": 0.21197206099999968,
     "pre-step": 1.052862074000001,
     "scat-klein-nishina": 0.23010640799999985,
     "scat-rayleigh": 0.1282386680000002
    },
    "active_hwm": {
     "count": 1048576,
     "index": 855
    },
    "avg_steps_per_primary": 68001.4623076923,
    "avg_time_per_primary": 0.006854465692637362,
    "avg_time_per_step": 1.0079879843792692e-07,
    "emptying_step": 856,
    "num_events": 7,
    "num_primaries": 9100,
    "num_step_iters": 2569,
    "num_steps": 618813307,
    "pre_emptying_time": 0.083325017,
    "queue_hwm": {
     "count": 10174650,
     "index": 457
    },
    "setup_time": 46.327831965,
    "slot_occupancy": 0.2297183174528283,
    "total_time": 62.375637803,
    "unconverged": 0
   }
  ],
  "system": {
   "debug": false,
   "geant4": "11.0.3",
   "occupancy": {
    "along_step_apply_mean_eloss": 0.625,
    "along_step_apply_msc": 0.125,
    "along_step_apply_msc_step_limit": 0.125,
    "along_step_apply_uniform_propagation": 0.125,
    "along_step_update_time": 1.0,
    "along_step_update_track": 1.0,
    "bethe_heitler_interact": 0.375,
    "boundary": 0.125,
    "discrete_select": 0.5,
    "eplusgg_interact": 0.5,
    "init_tracks": 0.125,
    "klein_nishina_interact": 0.5,
    "livermore_pe_interact": 0.375,
    "locate_alive": 1.0,
    "moller_bhabha_interact": 0.5,
    "pre_step": 0.5,
    "process_primaries": 1.0,
    "process_secondaries": 0.5,
    "rayleigh_interact": 0.5,
    "relativistic_brem_interact": 0.375,
    "seltzer_berger_interact": 0.375
   },
   "vecgeom": "1.2.2",
   "version": "v0.3.0-dev.104+b0844f75"
  }
 }
}