{
 "cms2018+field+msc-vecgeom-gpu": {
  "input": {
   "enable_msc": true,
   "geometry_filename": "cms2018.gdml",
   "mag_field": [
    0.0,
    0.0,
    1.0
   ],
   "max_num_tracks": 1048576,
   "use_device": true
  },
  "name": [
   "cms2018+field+msc",
   "vecgeom",
   "gpu"
  ],
  "result": [
   {
    "action_times": {
     "along-step-uniform-msc": 54.86443894599999,
     "annihil-2-gamma": 0.10547127200000031,
     "brems-rel": 0.10243732099999986,
     "brems-sb": 0.29104808600000076,
     "conv-bethe-heitler": 0.1539783500000001,
     "extend-from-secondaries": 0.5994525289999997,
     "geo-boundary": 4.156364158999996,
     "initialize-tracks": 0.4387559229999997,
     "ioni-moller-bhabha": 0.14371248099999964,
     "photoel-livermore": 0.36710788700000097,
     "physics-discrete-select": 0.21292262600000053,
     "pre-step": 1.0349949049999996,
     "scat-klein-nishina": 0.22792616800000023,
     "scat-rayleigh": 0.12591214900000014
    },
    "active_hwm": {
     "count": 1048576,
     "index": 856
    },
    "avg_steps_per_primary": 68179.53428571428,
    "avg_time_per_primary": 0.0069041173163736265,
    "avg_time_per_step": 1.0126377935409646e-07,
    "emptying_step": 857,
    "num_events": 7,
    "num_primaries": 9100,
    "num_step_iters": 2492,
    "num_steps": 620433762,
    "pre_emptying_time": 0.084818725,
    "queue_hwm": {
     "count": 10152490,
     "index": 457
    },
    "setup_time": 46.248266227,
    "slot_occupancy": 0.23743649432211397,
    "total_time": 62.827467579,
    "unconverged": 0
   },
   {
    "action_times": {
     "along-step-uniform-msc": 54.50839611700023,
     "annihil-2-gamma": 0.10866787699999993,
     "brems-rel": 0.10583724399999987,
     "brems-sb": 0.29452837599999976,
     "conv-bethe-heitler": 0.15716969000000008,
     "extend-from-secondaries": 0.6163367450000001,
     "geo-boundary": 4.166462074999993,
     "initialize-tracks": 0.43898247600000034,
     "ioni-moller-bhabha": 0.1478683000000002,
     "photoel-livermore": 0.3701265000000012,
     "physics-discrete-select": 0.21382895399999996,
     "pre-step": 1.053586230000001,
     "scat-klein-nishina": 0.23147414799999982,
     "scat-rayleigh": 0.1291621899999999
    },
    "active_hwm": {
     "count": 1048576,
     "index": 855
    },
    "avg_steps_per_primary": 68001.4623076923,
    "avg_time_per_primary": 0.006873131928901099,
    "avg_time_per_step": 1.0107329600945378e-07,
    "emptying_step": 856,
    "num_events": 7,
    "num_primaries": 9100,
    "num_step_iters": 2569,
    "num_steps": 618813307,
    "pre_emptying_time": 0.083638392,
    "queue_hwm": {
     "count": 10174650,
     "index": 457
    },
    "setup_time": 46.651158744,
    "slot_occupancy": 0.2297183174528283,
    "total_time": 62.545500553,
    "unconverged": 0
   }
  ],
  "system": {
   "debug": false,
   "geant4": "11.0.3",
   "occupancy": {
    "along_step_apply_eloss": 0.625,
    "along_step_apply_msc": 0.125,
    "along_step_apply_msc_step_limit": 0.125,
    "along_step_apply_uniform_propagation": 0.125,
    "along_step_update_time": 1.0,
    "along_step_update_track": 1.0,
    "bethe_heitler_interact": 0.375,
    "boundary": 0.125,
    "discrete_select": 0.5,
    "eplusgg_interact": 0.5,
    "init_tracks": 0.125,
    "klein_nishina_interact": 0.5,
    "livermore_pe_interact": 0.375,
    "locate_alive": 1.0,
    "moller_bhabha_interact": 0.5,
    "pre_step": 0.5,
    "process_primaries": 1.0,
    "process_secondaries": 0.5,
    "rayleigh_interact": 0.5,
    "relativistic_brem_interact": 0.375,
    "seltzer_berger_interact": 0.375
   },
   "vecgeom": "1.2.2",
   "version": "v0.3.0-dev.95+e4b2292a"
  }
 }
}