{
 "cms2018+field+msc-vecgeom-gpu": {
  "input": {
   "enable_msc": true,
   "geometry_filename": "cms2018.gdml",
   "mag_field": [
    0.0,
    0.0,
    1.0
   ],
   "max_num_tracks": 1048576,
   "use_device": true
  },
  "name": [
   "cms2018+field+msc",
   "vecgeom",
   "gpu"
  ],
  "result": [
   {
    "action_times": {
     "along-step-neutral": 9.073660599000018,
     "along-step-uniform-msc": 33.85719930000006,
     "annihil-2-gamma": 0.2087612179999996,
     "brems-rel": 0.19660127800000013,
     "brems-sb": 0.3595753500000011,
     "conv-bethe-heitler": 0.23883707700000043,
     "extend-from-secondaries": 0.6813662560000026,
     "geo-boundary": 4.230066043000005,
     "initialize-tracks": 0.48621251099999946,
     "ioni-moller-bhabha": 0.22522326200000037,
     "photoel-livermore": 0.4907361200000015,
     "physics-discrete-select": 0.5421007349999992,
     "pre-step": 5.529085339999993,
     "scat-klein-nishina": 0.3368859920000009,
     "scat-rayleigh": 0.23376619599999954,
     "sort-tracks-along-step": 3.365065607
    },
    "active_hwm": {
     "count": 1048576,
     "index": 852
    },
    "avg_steps_per_primary": 67750.8343956044,
    "avg_time_per_primary": 0.006599958930989011,
    "avg_time_per_step": 9.741516823912666e-08,
    "emptying_step": 853,
    "num_events": 7,
    "num_primaries": 9100,
    "num_step_iters": 2780,
    "num_steps": 616532593,
    "pre_emptying_time": 0.061091949,
    "queue_hwm": {
     "count": 10161005,
     "index": 457
    },
    "setup_time": 46.781503851,
    "slot_occupancy": 0.2115004673278589,
    "total_time": 60.059626272,
    "unconverged": 0
   },
   {
    "action_times": {
     "along-step-neutral": 8.083072946000032,
     "along-step-uniform-msc": 29.406073709000065,
     "annihil-2-gamma": 0.19188690599999966,
     "brems-rel": 0.17853462999999975,
     "brems-sb": 0.3360559229999998,
     "conv-bethe-heitler": 0.21843323300000025,
     "extend-from-secondaries": 0.6126185580000005,
     "geo-boundary": 3.767011647000001,
     "initialize-tracks": 0.4405357220000014,
     "ioni-moller-bhabha": 0.20425520899999983,
     "photoel-livermore": 0.45552932699999965,
     "physics-discrete-select": 0.5164798330000007,
     "pre-step": 5.227700163000008,
     "scat-klein-nishina": 0.3163923510000002,
     "scat-rayleigh": 0.21463647300000013,
     "sort-tracks-along-step": 2.794390063
    },
    "active_hwm": {
     "count": 1048576,
     "index": 852
    },
    "avg_steps_per_primary": 67660.0067032967,
    "avg_time_per_primary": 0.005820600198681319,
    "avg_time_per_step": 8.602718921098944e-08,
    "emptying_step": 853,
    "num_events": 7,
    "num_primaries": 9100,
    "num_step_iters": 2591,
    "num_steps": 615706061,
    "pre_emptying_time": 0.05694419,
    "queue_hwm": {
     "count": 10188058,
     "index": 457
    },
    "setup_time": 46.26227447,
    "slot_occupancy": 0.22662410529963714,
    "total_time": 52.967461808,
    "unconverged": 0
   }
  ],
  "system": {
   "debug": false,
   "geant4": "11.0.3",
   "occupancy": {
    "along_step_apply_mean_eloss": 0.5,
    "along_step_apply_msc": 0.125,
    "along_step_apply_msc_step_limit": 0.125,
    "along_step_apply_uniform_propagation": 0.125,
    "along_step_neutral": 0.125,
    "along_step_update_time": 1.0,
    "along_step_update_track": 1.0,
    "bethe_heitler_interact": 0.375,
    "boundary": 0.125,
    "discrete_select": 0.375,
    "eplusgg_interact": 0.5,
    "init_tracks": 0.125,
    "klein_nishina_interact": 0.5,
    "livermore_pe_interact": 0.375,
    "locate_alive": 1.0,
    "moller_bhabha_interact": 0.5,
    "pre_step": 0.375,
    "process_primaries": 1.0,
    "process_secondaries": 0.5,
    "rayleigh_interact": 0.375,
    "relativistic_brem_interact": 0.375,
    "seltzer_berger_interact": 0.375
   },
   "vecgeom": "1.2.2",
   "version": "v0.3.0-dev.116+070a31dd"
  }
 }
}