{
 "cms2018+field+msc-vecgeom-gpu": {
  "input": {
   "enable_msc": true,
   "geometry_filename": "cms2018.gdml",
   "mag_field": [
    0.0,
    0.0,
    1.0
   ],
   "max_num_tracks": 1048576,
   "use_device": true
  },
  "name": [
   "cms2018+field+msc",
   "vecgeom",
   "gpu"
  ],
  "result": [
   {
    "action_times": {
     "along-step-uniform-msc": 62.653573466999994,
     "annihil-2-gamma": 0.10716936800000017,
     "brems-rel": 0.10226406299999986,
     "brems-sb": 0.305344645,
     "conv-bethe-heitler": 0.15820176300000016,
     "extend-from-secondaries": 0.5734984419999996,
     "geo-boundary": 4.714349467000006,
     "initialize-tracks": 0.4766645979999998,
     "ioni-moller-bhabha": 0.14724362000000005,
     "photoel-livermore": 0.3732251299999985,
     "physics-discrete-select": 0.2217684170000004,
     "pre-step": 1.147053209999998,
     "scat-klein-nishina": 0.18048394700000003,
     "scat-rayleigh": 0.12907642200000005
    },
    "active_hwm": {
     "count": 1048576,
     "index": 855
    },
    "avg_steps_per_primary": 68126.08065934066,
    "avg_time_per_primary": 0.007834386824615385,
    "avg_time_per_step": 1.1499834936623827e-07,
    "emptying_step": 856,
    "num_events": 7,
    "num_primaries": 9100,
    "num_step_iters": 2399,
    "num_steps": 619947334,
    "pre_emptying_time": 0.09799355,
    "queue_hwm": {
     "count": 10140813,
     "index": 456
    },
    "setup_time": 46.399999489,
    "slot_occupancy": 0.24644762399346692,
    "total_time": 71.292920104,
    "unconverged": 0
   },
   {
    "action_times": {
     "along-step-uniform-msc": 54.47296910199989,
     "annihil-2-gamma": 0.12094160900000027,
     "brems-rel": 0.11556942699999985,
     "brems-sb": 0.2921796790000002,
     "conv-bethe-heitler": 0.16493489900000005,
     "extend-from-secondaries": 0.6323989850000002,
     "geo-boundary": 4.17894348100001,
     "initialize-tracks": 0.4383594779999995,
     "ioni-moller-bhabha": 0.15396678500000016,
     "photoel-livermore": 0.3504985899999997,
     "physics-discrete-select": 0.21765009600000043,
     "pre-step": 1.095269942999999,
     "scat-klein-nishina": 0.19377055500000046,
     "scat-rayleigh": 0.1397401050000002
    },
    "active_hwm": {
     "count": 1048576,
     "index": 855
    },
    "avg_steps_per_primary": 68052.29175824176,
    "avg_time_per_primary": 0.006875901912637363,
    "avg_time_per_step": 1.0103850634544762e-07,
    "emptying_step": 856,
    "num_events": 7,
    "num_primaries": 9100,
    "num_step_iters": 2862,
    "num_steps": 619275855,
    "pre_emptying_time": 0.084348684,
    "queue_hwm": {
     "count": 10137301,
     "index": 457
    },
    "setup_time": 46.704636526,
    "slot_occupancy": 0.20635481400559783,
    "total_time": 62.570707405,
    "unconverged": 0
   }
  ],
  "system": {
   "debug": false,
   "geant4": "11.0.3",
   "occupancy": {
    "along_step_apply_mean_eloss": 0.625,
    "along_step_apply_msc": 0.125,
    "along_step_apply_msc_step_limit": 0.125,
    "along_step_apply_uniform_propagation": 0.125,
    "along_step_update_time": 1.0,
    "along_step_update_track": 1.0,
    "bethe_heitler_interact": 0.375,
    "boundary": 0.125,
    "discrete_select": 0.5,
    "eplusgg_interact": 0.5,
    "init_tracks": 0.125,
    "klein_nishina_interact": 0.5,
    "livermore_pe_interact": 0.375,
    "locate_alive": 1.0,
    "moller_bhabha_interact": 0.5,
    "pre_step": 0.5,
    "process_primaries": 1.0,
    "process_secondaries": 0.5,
    "rayleigh_interact": 0.375,
    "relativistic_brem_interact": 0.375,
    "seltzer_berger_interact": 0.375
   },
   "vecgeom": "1.2.2",
   "version": "v0.3.0-dev.106+afa4c4b5"
  }
 }
}