{
 "cms2018+field+msc-vecgeom-gpu": {
  "input": {
   "enable_msc": true,
   "geometry_filename": "cms2018.gdml",
   "mag_field": [
    0.0,
    0.0,
    1.0
   ],
   "max_num_tracks": 1048576,
   "use_device": true
  },
  "name": [
   "cms2018+field+msc",
   "vecgeom",
   "gpu"
  ],
  "result": [
   {
    "action_times": {
     "along-step-neutral": 8.46197203500002,
     "along-step-uniform-msc": 36.95226425500014,
     "annihil-2-gamma": 0.20040164599999982,
     "brems-rel": 0.1949798229999999,
     "brems-sb": 0.386685448,
     "conv-bethe-heitler": 0.22151497900000025,
     "extend-from-secondaries": 0.654955696999999,
     "geo-boundary": 3.6799246730000013,
     "initialize-tracks": 0.4817888099999996,
     "ioni-moller-bhabha": 0.24408764999999988,
     "photoel-livermore": 0.5201609839999998,
     "physics-discrete-select": 0.6376931949999989,
     "pre-step": 5.625279011000024,
     "scat-klein-nishina": 0.3435608410000002,
     "scat-rayleigh": 0.21631964200000006,
     "sort-tracks-along-step": 3.324859304999993,
     "sort-tracks-post-step": 6.222231151000014
    },
    "active_hwm": {
     "count": 1048576,
     "index": 852
    },
    "avg_steps_per_primary": 67750.8343956044,
    "avg_time_per_primary": 0.007513549334945055,
    "avg_time_per_step": 1.1089973137559655e-07,
    "emptying_step": 853,
    "num_events": 7,
    "num_primaries": 9100,
    "num_step_iters": 2780,
    "num_steps": 616532593,
    "pre_emptying_time": 0.065283976,
    "queue_hwm": {
     "count": 10161005,
     "index": 457
    },
    "setup_time": 46.274031366,
    "slot_occupancy": 0.2115004673278589,
    "total_time": 68.373298948,
    "unconverged": 0
   },
   {
    "action_times": {
     "along-step-neutral": 7.607823464999985,
     "along-step-uniform-msc": 32.5591320859999,
     "annihil-2-gamma": 0.1893027889999999,
     "brems-rel": 0.18666459600000027,
     "brems-sb": 0.36013376099999933,
     "conv-bethe-heitler": 0.20835358499999945,
     "extend-from-secondaries": 0.6352395729999999,
     "geo-boundary": 3.3020680869999985,
     "initialize-tracks": 0.44156995899999935,
     "ioni-moller-bhabha": 0.2302758750000002,
     "photoel-livermore": 0.4930871200000007,
     "physics-discrete-select": 0.6246437319999991,
     "pre-step": 5.339039331000002,
     "scat-klein-nishina": 0.3304054959999996,
     "scat-rayleigh": 0.2037148220000004,
     "sort-tracks-along-step": 2.8190419380000047,
     "sort-tracks-post-step": 5.716834025999998
    },
    "active_hwm": {
     "count": 1048576,
     "index": 852
    },
    "avg_steps_per_primary": 67660.0067032967,
    "avg_time_per_primary": 0.006731002637032967,
    "avg_time_per_step": 9.948273677461817e-08,
    "emptying_step": 853,
    "num_events": 7,
    "num_primaries": 9100,
    "num_step_iters": 2591,
    "num_steps": 615706061,
    "pre_emptying_time": 0.068070563,
    "queue_hwm": {
     "count": 10188058,
     "index": 457
    },
    "setup_time": 46.472784174,
    "slot_occupancy": 0.22662410529963714,
    "total_time": 61.252123997,
    "unconverged": 0
   }
  ],
  "system": {
   "debug": false,
   "geant4": "11.0.3",
   "occupancy": {
    "along_step_apply_mean_eloss": 0.5,
    "along_step_apply_msc": 0.125,
    "along_step_apply_msc_step_limit": 0.125,
    "along_step_apply_uniform_propagation": 0.125,
    "along_step_neutral": 0.125,
    "along_step_update_time": 1.0,
    "along_step_update_track": 1.0,
    "bethe_heitler_interact": 0.375,
    "boundary": 0.125,
    "discrete_select": 0.375,
    "eplusgg_interact": 0.5,
    "init_tracks": 0.125,
    "klein_nishina_interact": 0.5,
    "livermore_pe_interact": 0.375,
    "locate_alive": 1.0,
    "moller_bhabha_interact": 0.5,
    "pre_step": 0.375,
    "process_primaries": 1.0,
    "process_secondaries": 0.5,
    "rayleigh_interact": 0.375,
    "relativistic_brem_interact": 0.375,
    "seltzer_berger_interact": 0.375
   },
   "vecgeom": "1.2.2",
   "version": "v0.3.0-dev.116+070a31dd"
  }
 }
}