{
 "cms2018+field+msc-vecgeom-gpu": {
  "input": {
   "enable_msc": true,
   "geometry_filename": "cms2018.gdml",
   "mag_field": [
    0.0,
    0.0,
    1.0
   ],
   "max_num_tracks": 1048576,
   "use_device": true
  },
  "name": [
   "cms2018+field+msc",
   "vecgeom",
   "gpu"
  ],
  "result": [
   {
    "action_times": {
     "along-step-uniform-msc": 60.29226587999988,
     "annihil-2-gamma": 0.10699848099999992,
     "brems-rel": 0.10371065999999993,
     "brems-sb": 0.2927038779999998,
     "conv-bethe-heitler": 0.155553159,
     "extend-from-secondaries": 0.6227504070000023,
     "geo-boundary": 4.155825819999981,
     "initialize-tracks": 0.43950554999999925,
     "ioni-moller-bhabha": 0.14587025600000028,
     "photoel-livermore": 0.3682799799999998,
     "physics-discrete-select": 0.21958807400000024,
     "pre-step": 1.049396304,
     "scat-klein-nishina": 0.2295020050000001,
     "scat-rayleigh": 0.1274701229999998
    },
    "active_hwm": {
     "count": 1048576,
     "index": 856
    },
    "avg_steps_per_primary": 68179.53428571428,
    "avg_time_per_primary": 0.007506860895274726,
    "avg_time_per_step": 1.1010431464398613e-07,
    "emptying_step": 857,
    "num_events": 7,
    "num_primaries": 9100,
    "num_step_iters": 2492,
    "num_steps": 620433762,
    "pre_emptying_time": 0.095475849,
    "queue_hwm": {
     "count": 10152490,
     "index": 457
    },
    "setup_time": 46.612191574,
    "slot_occupancy": 0.23743649432211397,
    "total_time": 68.312434147,
    "unconverged": 0
   },
   {
    "action_times": {
     "along-step-uniform-msc": 59.948647924999946,
     "annihil-2-gamma": 0.10769508400000004,
     "brems-rel": 0.10504325500000015,
     "brems-sb": 0.2936016569999999,
     "conv-bethe-heitler": 0.15638840399999968,
     "extend-from-secondaries": 0.6068501339999994,
     "geo-boundary": 4.156599160999999,
     "initialize-tracks": 0.4367916310000015,
     "ioni-moller-bhabha": 0.1469560419999996,
     "photoel-livermore": 0.3693249789999986,
     "physics-discrete-select": 0.21796722199999982,
     "pre-step": 1.0645228609999995,
     "scat-klein-nishina": 0.23047904200000027,
     "scat-rayleigh": 0.12830663799999992
    },
    "active_hwm": {
     "count": 1048576,
     "index": 855
    },
    "avg_steps_per_primary": 68001.4623076923,
    "avg_time_per_primary": 0.007469471383736264,
    "avg_time_per_step": 1.0984280529054623e-07,
    "emptying_step": 856,
    "num_events": 7,
    "num_primaries": 9100,
    "num_step_iters": 2569,
    "num_steps": 618813307,
    "pre_emptying_time": 0.094627934,
    "queue_hwm": {
     "count": 10174650,
     "index": 457
    },
    "setup_time": 46.318572425,
    "slot_occupancy": 0.2297183174528283,
    "total_time": 67.972189592,
    "unconverged": 0
   }
  ],
  "system": {
   "debug": false,
   "geant4": "11.0.3",
   "occupancy": {
    "along_step_uniform_msc": 0.125,
    "bethe_heitler_interact": 0.375,
    "boundary": 0.125,
    "discrete_select": 0.5,
    "eplusgg_interact": 0.5,
    "init_tracks": 0.125,
    "klein_nishina_interact": 0.5,
    "livermore_pe_interact": 0.375,
    "locate_alive": 1.0,
    "moller_bhabha_interact": 0.5,
    "pre_step": 0.5,
    "process_primaries": 1.0,
    "process_secondaries": 0.5,
    "rayleigh_interact": 0.5,
    "relativistic_brem_interact": 0.375,
    "seltzer_berger_interact": 0.375
   },
   "vecgeom": "1.2.2",
   "version": "v0.3.0-dev.86+3cfb58ff"
  }
 }
}